{
  "hash": "363cf861",
  "configHash": "231155d9",
  "lockfileHash": "0cb0a6a6",
  "browserHash": "2adc8f35",
  "optimized": {
    "@angular/core": {
      "src": "../../../../../node_modules/@angular/core/fesm2022/core.mjs",
      "file": "@angular_core.js",
      "fileHash": "596b65ad",
      "needsInterop": false
    },
    "@angular/forms": {
      "src": "../../../../../node_modules/@angular/forms/fesm2022/forms.mjs",
      "file": "@angular_forms.js",
      "fileHash": "03a09e8e",
      "needsInterop": false
    },
    "@angular/platform-browser": {
      "src": "../../../../../node_modules/@angular/platform-browser/fesm2022/platform-browser.mjs",
      "file": "@angular_platform-browser.js",
      "fileHash": "3433ce4f",
      "needsInterop": false
    },
    "@angular/router": {
      "src": "../../../../../node_modules/@angular/router/fesm2022/router.mjs",
      "file": "@angular_router.js",
      "fileHash": "691c1ead",
      "needsInterop": false
    },
    "@angular/common": {
      "src": "../../../../../node_modules/@angular/common/fesm2022/common.mjs",
      "file": "@angular_common.js",
      "fileHash": "77ee51a3",
      "needsInterop": false
    }
  },
  "chunks": {
    "chunk-2ZJC6V2N": {
      "file": "chunk-2ZJC6V2N.js"
    },
    "chunk-PDAGKNML": {
      "file": "chunk-PDAGKNML.js"
    },
    "chunk-ZM642NCP": {
      "file": "chunk-ZM642NCP.js"
    }
  }
}